121,theone@second.it,plebeo,plebeo,Plebeo,
124,@gino,gino,gino,Gino,
127,giodi@h.it,giodi,giodi,Giordano,
129,luc.for@gmail.it,forest,luchi,Forest,
136,alexela@gmail.com,alex,xela,Alex,
142,marta@marti.com,marta,marti,Marta,
117,adminvibes@gmail.com,adminpazzo,dellacampagna,Admin,Admin_profile_pic.jpg
114,sasso@gmail.com,carlo,pro,Prox,Prox_profile_pic.jpg
164,sonbottofalsozi@gmail.com,chiaramente,ununtentefalso,utente,
161,email.sgravata@acaso.com,pazzo,assurdo,UtentePazzo,UtentePazzo_profile_pic.jpg
131,siepegrossa@wow.com,sepio,della siepe,Sepio,Sepio_profile_pic.jpg
139,antcla@alice.it,anthony,clark,Clark,Clark_profile_pic.jpg
